SKU,Category
SX900,Melts
SH52,Melts
SH2029,Melts
SH2050,Melts
V0429E,Tealight
V040821,Tealight
V041062,Tealight
V041020,Tealight
G73F900Q,3-Wick
G732116,3-Wick
G73C1096,3-Wick
G73F1063Q,3-Wick
P95B675E,Spray
P95B651,Spray
P95728E,Spray
P95703,Spray
FS1000,Sticks
FS930,Sticks
FS1007,Sticks
FS927,Sticks
V04811,Citronella
G26B1093E,Citronella
G26B709,Citronella
G26B560,Citronella
G1172134,Mood Collection
G1172135,Mood Collection
G1172133,Mood Collection
G1172132,Mood Collection
P93465,Accessories
P93810,Accessories
P93716,Accessories
P93864,Accessories
CM1082,Australiana
CM1072,Australiana
CM1073,Australiana
CM1071,Australiana
CMSIG1006,Signature
CMSIG1000,Signature
CMSIG1009,Signature
CMSIG1005,Signature
CMAUT1004,Autumn
CMAUT1003,Autumn
CMAUT1001,Autumn
CMAUT1002,Autumn
CMXMAS2002,Xmas
CMXMAS2001,Xmas
CMXMAS2000,Xmas
CMXMAS2003,Xmas
DR1005,Diffusers
DR1004,Diffusers
DR10012,Diffusers
DR1003,Diffusers
DU10005,Deja Vu (Perfume)
DU10002,Deja Vu (Perfume)
DU10001,Deja Vu (Perfume)
DU10004,Deja Vu (Perfume)